{
  "name": "nice-more-dice",
  "title": "Nice More Dice",
  "description": "Adds a bunch of dice textures and a few dice faces to DsN.",
  "author": "LyncsCwtsh",
  "version": "1.0.0",
  "minimumCoreVersion": "0.7.0",
  "compatibleCoreVersion": "0.8.8",
  "scripts": [
        "Scripts/nice-more-dice.json"
  ],
  "url": "https://github.com/LyncsCwtsh/fvtt-module-Nice-more-Dice",
  "manifest": "https://raw.github.com/LyncsCwtsh/fvtt-module-Nice-more-Dice/releases/latest/download/module.json",
  "download": "https://github.com/LyncsCwtsh/fvtt-module-Nice-more-Dice/releases/download/0.1/module.zip.zip"
}


