{
  "name": "nice-more-dice",
  "title": "Nice More Dice",
  "description": "Adds a bunch of dice textures and a few dice faces to DsN.",
  "author": "LyncsCwtsh",
  "version": "1.0.3",
  "minimumCoreVersion": "0.7.0",
  "compatibleCoreVersion": "0.8.8",
  "dependencies": [
        {
            "type": "module",
            "name": "dice-so-nice"
        }
    ],
  "scripts": [
        "scripts/nice-more-dice.json"
  ],
  "url": "https://github.com/LyncsCwtsh/fvtt-module-Nice-more-Dice",
  "manifest": "https://raw.githubusercontent.com/LyncsCwtsh/fvtt-module-nice-more-dice/main/nice-more-dice/module.json",
  "download": "https://raw.githubusercontent.com/LyncsCwtsh/fvtt-module-nice-more-dice/main/module.zip"
}


