{
  "id": "nice-more-dice",
  "title": "Nice More Dice",
  "description": "Adds a bunch of dice textures and dice faces to DsN.",
  "authors": [
    {
    "name": "LyncsCwtsh"
    }
    ],
  "version": "1.2.0",
  "compatibility": {
    "minimum": "7",
    "verified": "10"
    },
  ],
  "scripts": [
        "scripts/nice-more-dice.json"
  ],
  "url": "https://github.com/LyncsCwtsh/fvtt-module-Nice-more-Dice",
  "manifest": "https://raw.githubusercontent.com/LyncsCwtsh/fvtt-module-nice-more-dice/main/nice-more-dice/module.json",
  "download": "https://raw.githubusercontent.com/LyncsCwtsh/fvtt-module-nice-more-dice/main/module.zip"
}


